Department Number,Department Description,2022 Actual,2023 Actual,2024 Actual,2025 Actual,,2022 Encumb,2023 Encumb,2024 Encumb,2025 Encumb,,2022 Actual & Encumb,2023 Actual & Encumb,2024 Actual & Encumb,2025 Actual & Encumb
1,OFFICE OF THE MAYOR,"$10,743,501","$10,403,455","$11,232,338","12,672,887",,"$2,721.00",$69,$601,"5,736",,"$10,746,222","$10,403,524","$11,232,939","12,678,623"
3,OFFICE OF INSPECTOR GENERAL,"$12,417,011","$12,285,479","$14,107,232","13,354,183",,"$76,636.00","$1,179","$8,973",0,,"$12,493,647","$12,286,658","$14,116,205","13,354,183"
5,OBM,"$2,347,338","$2,922,813","$4,144,819","4,505,568",,$21.00,$0,$33,0,,"$2,347,359","$2,922,813","$4,144,852","4,505,568"
6,DEPARTMENT OF TECHNOLOGY AND INNOVATION,$0,$0,"$44,527,558","47,175,223",,$0.00,$0,"$614,324","136,944",,$0,$0,"$45,141,882","47,312,167"
15,COUNCIL,"$29,195,893","$29,493,967","$34,795,907","35,816,474",,"$1,084,990.00","$459,355","$10,626","14,150",,"$30,280,883","$29,953,322","$34,806,533","35,830,624"
21,DOH,"$24,466,727","$35,797,450","$21,889,240","11,235,570",,"$323,719.00","$1,531,663","$116,418","40,021",,"$24,790,446","$37,329,113","$22,005,658","11,275,591"
23,DCASE,"$23,677,662","$26,956,835","$33,876,931","40,889,650",,"$98,579.00","-$34,721",$0,"342,216",,"$23,776,241","$26,922,114","$33,876,931","41,231,866"
25,CLERK,"$9,605,876","$10,643,929","$13,706,856","12,990,780",,"$200,533.00","$141,515","$195,982","15,814",,"$9,806,409","$10,785,444","$13,902,838","13,006,594"
27,DOF,"$76,997,663","$79,610,142","$91,346,071","95,130,947",,"$271,180.00","$324,984","$432,600","203,981",,"$77,268,843","$79,935,126","$91,778,671","95,334,928"
28,CTO,"$3,957,651","$4,804,838","$5,416,331","5,317,050",,"$2,639.00","$1,181","$11,207","8,930",,"$3,960,290","$4,806,019","$5,427,538","5,325,980"
30,DOAH,"$6,837,827","$7,010,408","$7,233,849","7,509,886",,"$13,986.00","$4,318","$12,165","6,340",,"$6,851,813","$7,014,726","$7,246,014","7,516,226"
31,LAW,"$31,207,170","$36,487,185","$41,611,087","44,432,932",,"$61,211.00","$27,582","$16,131","24,457",,"$31,268,381","$36,514,767","$41,627,218","44,457,389"
33,DHR,"$7,302,756","$8,222,855","$10,512,197","11,226,605",,"$43,671.00",$900,"$6,325","65,001",,"$7,346,427","$8,223,755","$10,518,522","11,291,606"
35,DPS,"$7,727,507","$9,239,893","$10,522,710","12,106,507",,"$33,257.00","$105,705","$85,799","230,554",,"$7,760,764","$9,345,598","$10,608,509","12,337,061"
38,FFM/AIS,"$385,102,770","$445,647,715","$444,582,272","448,219,329",,"$19,684,154.00","$2,118,087","$4,936,101","3,008,119",,"$404,786,924","$447,765,802","$449,518,373","451,227,448"
39,ELECTIONS,"$18,363,939","$41,251,169","$18,802,289","13,413,188",,"$155,819.00","$325,658","$89,557","17,227",,"$18,519,758","$41,576,827","$18,891,846","13,430,415"
41,CDPH,"$46,647,284","$54,739,477","$63,361,034","75,035,930",,"$4,538,227.00","$4,374,835","4,123,321","1,151,247",,"$51,185,511","$59,114,312","$67,484,355","76,187,177"
45,CCHR,"$1,007,011","$1,125,938","$1,394,460","1,506,140",,"$2,969.00","$4,605",$422,"1,740",,"$1,009,980","$1,130,543","$1,394,882","1,507,880"
48,MOPD,"$2,116,052","$2,565,815","$2,856,866","3,205,529",,"$88,992.00",$20,"$4,301","3,231",,"$2,205,044","$2,565,835","$2,861,167","3,208,760"
50,DFSS,"$92,613,990","$104,101,185","$128,085,129","162,739,873",,"$6,927,669.00","$15,635,383","$7,954,972","3,036,308",,"$99,541,659","$119,736,568","$136,040,101","165,776,181"
51,PSA,"$106,741,120","$122,363,991","$127,692,835","106,982,281",,"$1,115,973.00","$2,539,048","$179,881","671,312",,"$107,857,093","$124,903,039","$127,872,716","107,653,593"
54,DPD,"$32,888,546","$17,324,120","$16,358,160","15,014,729",,"$1,828,592.00","$947,221","$183,283","20,191",,"$34,717,138","$18,271,341","$16,541,443","15,034,920"
55,POLICE BOARD,"$492,190","$553,954","$401,710","422,954",,$772.00,$0,"$1,760","2,080",,"$492,962","$553,954","$403,470","425,034"
57,CPD,"$1,767,533,254","$1,910,145,209","$1,989,351,457","2,030,559,749",,"$755,600.00","$1,192,935","$2,025,111","167,698",,"$1,768,288,854","$1,911,338,144","$1,991,376,568","2,030,727,447"
58,OEMC,"$69,083,769","$69,734,110","$72,059,282","72,981,330",,"$232,446.00","$20,467",-$119,"16,847",,"$69,316,215","$69,754,577","$72,059,163","72,998,177"
59,CFD,"$697,349,160","$661,002,317","$727,316,130","695,756,347",,"$100,627.00","$63,969","$15,531","9,249",,"$697,449,787","$661,066,286","$727,331,661","695,765,596"
60,COPA,"$12,356,720","$13,475,679","$14,545,850","14,214,591",,"$8,062.00","$66,194","$4,397","6,547",,"$12,364,782","$13,541,873","$14,550,247","14,221,138"
62,CCPSA,"$356,805","$2,159,881","$2,747,752","3,408,279",,"$5,651.00","3,160","6,387","1,860",,"$362,456","$2,163,041","$2,754,139","3,410,139"
67,DOB,"$25,695,490","$27,134,660","$34,488,953","35,044,381",,"$65,540.00","$603,274","$28,350",-1,,"$25,761,030","$27,737,934","$34,517,303","35,044,380"
70,BACP,"$17,771,873","$19,294,246","$21,826,204","30,377,928",,"$528,752.00","$1,037,832","$283,087","81,897",,"$18,300,625","$20,332,078","$22,109,291","30,459,825"
72,OFFICE OF CLIMATE AND ENVIRONMENTAL EQUITY,$0,"$337,236","$1,094,065","1,801,957",,$0.00,$0,"$52,905",1,,$0,"$337,236","$1,146,970","1,801,958"
73,CACC,"$6,317,459","$6,453,496","$6,779,104","6,780,515",,"$15,802.00","$2,627","$7,120","8,427",,"$6,333,261","$6,456,123","$6,786,224","6,788,942"
77,LAC,"$160,082","$149,317","$164,170","167,510",,$0,$0,$0,0,,"$160,082","$149,317","$164,170","167,510"
78,ETHICS,"$807,232","$866,056","$885,459","702,181",,$600.00,$0,$122,0,,"$807,832","$866,056","$885,581","702,181"
81,DSS,"$286,054,008","$296,807,963","$327,788,187","335,432,575",,"$1,420,356.00","$408,753","181,522","308,833",,"$287,474,364","$297,216,716","$327,969,709","335,741,408"
84,CDOT,"$177,430,194","$191,576,253","$218,442,686","214,519,936",,"$2,586,303.00","$6,655,142","$1,089,080","1,403,897",,"$180,016,497","$198,231,395","$219,531,766","215,923,833"
85,CDA,"$478,869,262","$541,155,532","$630,535,919","697,941,617",,$0,$0,$0,0,,"$478,869,262","$541,155,532","$630,535,919","697,941,617"
88,DWM,"$288,748,930","$342,658,931","$361,006,305","374,683,198",,$0,$0,$0,0,,"$288,748,930","$342,658,931","$361,006,305","374,683,198"
91,CPL,"$71,577,905","$79,897,305","$85,175,735","87,559,876",,"$97,812.00","$57,619","$22,099","-17,201",,"$71,675,717","$79,954,924","$85,197,834","87,542,675"
99,FINANCE GENERAL,"$4,937,235,049","$6,573,997,636","$6,710,855,740","6,419,724,986",,"$42,150,350.00","8,823,305","31,872,580","1,456,199",,"$4,979,385,399","$6,582,820,941","$6,742,728,320","6,421,181,185"
,,,,,,,,,,,,,,,
,TOTAL,"$9,769,804,673","$11,800,398,440","$12,353,520,879","12,202,561,171",,"$84,524,211.00","$47,443,864","$54,572,954","12,449,852",,"$9,854,328,884","$11,847,842,304","$12,408,093,833","12,215,011,023"