Department,2025 Budgeted Annual Positions,Persistent Vacancies Feb-Sept 2025,February 2025 Vacancies,March 2025 Vacancies,April 2025 Vacancies,May 2025 Vacancies,June 2025 Vacancies,July 2025 Vacancies,August 2025 Vacancies,September 2025 Vacancies,October 2025 Vacancies,November 2025 Vacancies,December 2025 Vacancies
D01 - Office of The Mayor,114,0,8,24,24,24,21,23,22,12,11,10,8
D03 - Office of Inspector General,121,0,7,11,10,10,12,10,13,11,8,9,9
D05 - Office of Budget And Management,57,0,5,8,8,10,8,5,7,7,7,7,6
D06 - Department of Technology and Innovation,145,51,66,68,67,65,62,62,59,57,56,55,54
D15 - City Council,265,16,19,22,22,26,22,19,20,20,22,21,24
D21 - Department of Housing,123,9,26,24,23,22,20,19,18,19,18,18,15
D23 - Department of Cultural Affairs and Special Events,81,9,20,21,21,19,17,18,17,17,22,22,18
D25 - City Clerk,92,4,9,10,11,11,12,13,13,11,10,11,12
D27 - Department of Finance,645,32,74,78,75,80,82,81,81,67,67,69,66
D28 - City Treasurer,43,5,6,8,8,7,7,8,9,9,9,7,6
D30 - Department of Administrative Hearings,39,6,6,6,6,6,6,8,8,8,6,6,6
D31 - Department of Law,406,12,44,42,39,37,38,44,45,44,43,45,34
D33 - Department of Human Resources,122,7,19,20,20,20,19,19,16,15,13,13,12
D35 - Department of Procurement Services,130,14,39,35,31,31,30,30,27,29,29,31,31
D38 - Department of Fleet and Facility Management,1042,69,135,134,116,112,105,110,106,112,113,118,126
D39 - Board of Election Commissioners,122,12,18,18,17,19,19,20,19,20,20,21,19
D41 - Department of Public Health,1046,214,271,281,287,295,296,314,328,333,343,350,357
D45 - Commission on Human Relations,20,0,1,1,1,1,1,1,0,0,0,0,0
D48 - Mayor's Office For People With Disabilities,40,1,3,3,3,5,4,4,4,4,6,6,6
D50 - Department of Family and Support Services,443,24,50,56,61,54,49,54,52,51,49,49,51
D51 - Office of Public Safety Administration,383,43,54,87,84,84,85,83,82,81,86,84,84
D54 - Department of Planning and Development,195,21,31,33,32,35,34,36,35,35,33,28,24
D55 - Chicago Police Board,2,0,0,0,0,0,0,0,0,0,0,0,0
D57 - Chicago Police Department,13806,742,893,1156,1163,1238,1232,1278,1293,1263,1212,1195,1245
D58 - Office of Emergency Management and Communications,983,118,171,150,154,146,155,176,180,177,165,168,160
D59 - Chicago Fire Department,5145,178,326,345,303,311,311,316,336,351,348,363,374
D60 - Civilian Office of Police Accountability,154,13,22,23,27,30,32,27,26,30,33,33,36
D62 - Community Commission for Public Safety and Accountability,28,2,4,6,7,7,7,6,6,5,2,2,2
D67 - Department of Buildings,280,19,33,33,35,32,27,33,29,29,31,31,32
D70 - Department of Business Affairs and Consumer Protection,212,7,12,13,13,14,15,19,19,20,22,24,27
D72 - Department of Environment,14,1,3,3,3,2,2,2,1,1,1,0,0
D73 - Chicago Animal Care and Control,79,2,7,7,7,7,7,9,9,8,10,10,10
D77 - License Appeal Commission,1,0,0,0,0,0,0,0,0,0,0,0,0
D78 - Board of Ethics,8,2,2,3,3,3,3,3,3,3,3,3,3
D81 - Department of Streets and Sanitation,2256,31,51,167,184,190,186,222,231,236,214,175,183
D84 - Chicago Department of Transportation,1576,104,188,235,183,173,162,171,178,175,176,178,186
D85 - Department of Aviation,2392,158,289,364,344,353,351,353,351,347,323,317,285
D88 - Department of Water Management,2492,240,319,331,326,326,320,333,324,321,308,307,306
D91 - Chicago Public Library,1102,52,82,92,96,99,89,91,93,94,96,94,98
,,,,,,,,,,,,,
,36204,2218,3313,3918,3814,3904,3848,4020,4060,4022,3915,3880,3880
,,,9.6%,11.3%,11.0%,11.3%,11.1%,11.6%,11.7%,11.6%,11.3%,11.2%,11.2%